,mean_final,median_final,p5,p95,prob_loss_50pct,prob_loss_90pct,avg_stranding,var_95
Orderly (Net Zero 2050),103884.86729136264,8.63005071024558,0.01,124.2039524928404,84.16,52.769999999999996,0.2473,99.99
Disorderly (Delayed Transition),1731253679.5365138,0.9614170538979598,0.01,156.0935305350203,88.24,73.04,0.406,99.99
Hot House World (Current Policies),145.63365363873595,54.449863963127484,2.076531805746627,549.3650405193242,47.85,16.45,0.0985,97.92346819425337
